Employee_ID,First_Name,Last_Name,Age,Department,Salary
1,John,Doe,29,HR,55000
2,Jane,Smith,34,Marketing,62000
3,Sam,Johnson,28,Engineering,75000
4,Emily,Davis,45,Finance,95000
5,Michael,Brown,38,IT,78000
6,Sarah,Williams,22,Sales,48000
7,David,Jones,50,Marketing,89000
8,Laura,Garcia,27,Engineering,70000
9,James,Martinez,41,HR,58000
10,Patricia,Anderson,33,IT,76000
11,Chris,Taylor,31,HR,64000
12,Jessica,Miller,26,Marketing,57000
13,Mark,Wilson,29,Engineering,72000
14,Linda,Moore,42,Finance,100000
15,Paul,Jackson,35,IT,80000
16,Nancy,White,40,Sales,49000
17,Brian,Harris,32,Marketing,62000
18,Megan,Martin,24,Engineering,75000
19,Tim,Thompson,34,HR,57000
20,Rita,Roberts,28,IT,74000
21,Steve,Lopez,45,Finance,90000
22,Anna,Clark,29,Marketing,61000
23,Peter,Lewis,38,Engineering,73000
24,Katie,Young,30,HR,56000
25,Tony,Scott,37,IT,77000
26,Sandra,King,33,Sales,51000
27,Carl,Green,41,Marketing,64000
28,Rachel,Adams,25,Engineering,69000
29,Brian,Baker,32,IT,76000
30,Olivia,Gonzalez,35,HR,58000
31,Ethan,Nelson,26,Marketing,59000
32,Hannah,Carter,28,Engineering,71000
33,Jordan,Mitchell,40,Sales,52000
34,Daniel,Perez,31,IT,80000
35,Sophia,Robinson,23,HR,55000
36,Kevin,Hill,37,Marketing,63000
37,Olivia,Wright,30,Engineering,73000
38,Tyler,Torres,32,IT,75000
39,Rebecca,Nguyen,35,Sales,51000
40,George,Sanchez,42,Finance,94000
41,Isabella,Kim,28,Marketing,60000
42,Lucas,Patel,34,Engineering,76000
43,Evelyn,Sharma,27,HR,57000
44,Sophie,Chaves,29,IT,73000
45,Jack,Reed,40,Sales,52000
46,Ava,Cook,36,Marketing,62000
47,Grace,Morgan,39,Engineering,74000
48,Noah,Bell,31,HR,59000
49,Charlotte,Murphy,33,IT,77000
50,Mason,Bailey,38,Marketing,65000
51,Benjamin,Rivera,41,Engineering,80000
52,Amelia,Cooper,30,Sales,51000
53,William,Richardson,34,IT,79000
54,Harper,Cox,29,Marketing,63000
55,Zoe,Ward,28,Engineering,71000
56,Ella,Flores,37,HR,57000
57,Oliver,Howard,26,IT,74000
58,Liam,Ramirez,33,Sales,52000
59,Emma,Kim,41,Marketing,65000
60,Charlotte,Lewis,39,Engineering,72000
61,Chloe,Walker,34,IT,76000
62,Madison,Young,30,HR,60000
63,Benjamin,Hernandez,35,Marketing,63000
64,Lucas,Allen,42,Engineering,74000
65,Leah,King,31,IT,75000
66,Henry,Harris,38,Sales,51000
67,Samuel,Nelson,30,Marketing,62000
68,Sebastian,Lee,29,Engineering,71000
69,Jack,Clark,36,HR,58000
70,Scarlett,Morris,40,IT,78000
71,David,Wilson,27,Marketing,60000
72,Samantha,Evans,32,Engineering,75000
73,Sophia,Green,34,HR,57000
74,Aiden,Edwards,33,IT,74000
75,Nathan,Collins,30,Marketing,63000
76,Jack,Stewart,41,Engineering,76000
77,Lily,Simmons,29,Sales,52000
78,Emily,Davis,40,HR,55000
79,Eli,Wright,28,IT,77000
80,George,Baker,35,Marketing,62000
81,Lillian,Stanley,31,Engineering,73000
82,Mila,Watson,30,HR,58000
83,Maya,Curtis,27,IT,74000
84,Ella,Russell,39,Sales,51000
85,Lucas,Henderson,32,Marketing,64000
86,Theo,Bauer,33,Engineering,75000
87,Lillian,Griffin,40,HR,57000
88,Asher,Cameron,29,IT,77000
89,Oliver,Duncan,36,Marketing,63000
90,Harvey,Perry,28,Engineering,72000
91,Alice,Mason,33,HR,59000
92,Emily,Ross,31,IT,75000
93,Addison,Ryan,42,Marketing,65000
94,Matthew,Bauer,39,Engineering,74000
95,Grace,Griffin,32,HR,57000
96,Eli,Stanley,29,IT,78000
97,Zoe,Watson,41,Sales,52000
98,Sofia,Curtis,34,Marketing,64000
99,Sophie,Russell,38,Engineering,71000
100,David,Henderson,30,HR,58000
